date,load_min,load_mean,load_max
2022-07-01,5637.5,7090.7,8458.3
2022-07-02,4860.6,5731.0,6688.3
2022-07-03,4474.4,5576.9,6403.5
2022-07-04,4887.6,6141.8,7056.7
2022-07-05,4813.5,5709.2,6611.0
2022-07-06,4698.8,5714.0,6589.8
2022-07-07,5052.8,6470.3,7530.0
2022-07-08,5232.7,6367.7,7423.1
2022-07-09,4699.1,5593.3,6498.5
2022-07-10,4421.1,5513.0,6330.5
2022-07-11,5119.9,6717.9,7848.7
2022-07-12,5408.5,6806.3,7845.9
2022-07-13,5455.7,6975.3,8252.8
2022-07-14,5507.6,7064.6,8379.4
2022-07-15,5443.8,6687.5,7901.9
2022-07-16,4846.9,5691.8,6619.4
2022-07-17,4476.0,5579.0,6383.8
2022-07-18,5166.7,6799.6,8133.6
2022-07-19,5408.6,7081.5,8500.0
2022-07-20,5462.4,7036.0,8312.1
2022-07-21,5474.7,7087.4,8474.6
2022-07-22,5487.9,6842.8,8314.8
2022-07-23,4784.2,5759.1,6735.4
2022-07-24,4442.4,5567.9,6381.0
2022-07-25,4896.4,6471.8,7572.6
2022-07-26,5150.5,6441.2,7487.2
2022-07-27,4998.6,6318.1,7321.2
2022-07-28,4900.5,6234.6,7230.9
2022-07-29,4835.8,6082.4,7181.6
2022-07-30,4471.6,5310.0,6317.3
2022-07-31,4208.6,5214.6,6135.4
2022-08-01,4546.4,6081.1,7194.1
2022-08-02,4823.6,6228.9,7285.0
2022-08-03,4812.7,6306.9,7406.7
2022-08-04,4879.9,6349.0,7460.4
2022-08-05,4843.2,6274.2,7431.3
2022-08-06,4616.7,5355.6,6303.2
2022-08-07,4194.5,5237.0,6079.1
2022-08-08,4726.2,6366.4,7511.1
2022-08-09,5024.0,6505.1,7654.6
2022-08-10,5160.0,6580.1,7687.4
2022-08-11,5154.6,6596.6,7755.5
2022-08-12,5148.8,6491.9,7660.0
2022-08-13,4782.3,5638.7,6582.4
2022-08-14,4575.5,5624.5,6525.0
2022-08-15,5159.9,6846.2,8095.6
2022-08-16,5425.9,6959.9,8111.5
2022-08-17,5478.5,7045.2,8240.1
2022-08-18,5529.9,7110.5,8309.1
2022-08-19,5481.6,6869.7,8080.4
2022-08-20,5004.8,5774.5,6770.1
2022-08-21,4606.5,5548.9,6442.8
2022-08-22,5115.3,6727.3,7876.9
2022-08-23,5359.8,6864.5,7990.0
2022-08-24,5438.8,6927.1,7999.3
2022-08-25,5474.2,7010.5,8151.7
2022-08-26,5467.1,6895.2,8148.8
2022-08-27,5041.7,5815.7,6775.5
2022-08-28,4738.6,5725.3,6616.4
2022-08-29,5280.8,6852.6,7913.1
2022-08-30,5462.3,6893.2,7868.6
2022-08-31,5492.2,6991.9,8062.8
2022-09-01,5494.8,6899.0,7851.1
2022-09-02,5529.4,6734.4,7718.8
2022-09-03,5040.5,5726.1,6594.5
2022-09-04,4686.2,5687.2,6594.4
2022-09-05,5347.0,6932.3,7887.1
2022-09-06,5536.4,6951.4,7846.9
2022-09-07,5516.1,6999.9,7890.5
2022-09-08,5598.1,7052.4,8001.8
2022-09-09,5566.8,6854.3,7856.3
2022-09-10,5028.5,5786.8,6706.5
2022-09-11,4724.8,5711.2,6528.8
2022-09-12,5267.4,6875.3,7887.9
2022-09-13,5581.2,7108.2,8105.8
2022-09-14,5610.3,7181.2,8326.2
2022-09-15,5621.3,7121.8,8181.5
2022-09-16,5558.2,6951.9,7989.4
2022-09-17,5160.6,6030.6,7020.0
2022-09-18,4855.9,5969.0,6883.6
2022-09-19,5496.4,7195.7,8215.1
2022-09-20,5698.6,7290.4,8221.5
2022-09-21,5779.6,7324.1,8402.4
2022-09-22,5878.7,7300.0,8173.0
2022-09-23,5884.8,7188.2,8234.6
2022-09-24,5453.2,6198.1,6955.2
2022-09-25,5147.7,6028.6,6829.5
2022-09-26,5527.3,7201.5,8177.8
2022-09-27,5830.3,7284.6,8226.7
2022-09-28,5611.5,6598.4,7536.0
2022-09-29,5702.6,7180.9,8264.3
2022-09-30,5684.2,7048.1,8100.4
2022-10-01,5438.8,6329.0,7132.0
2022-10-02,5203.8,6171.2,7037.2
2022-10-03,5687.3,7298.6,8281.9
2022-10-04,5898.7,7356.5,8326.0
2022-10-05,6022.7,7381.3,8310.2
2022-10-06,5954.2,7367.0,8276.7
2022-10-07,5933.7,7165.6,8171.0
2022-10-08,5422.0,6230.8,7081.2
2022-10-09,5056.7,6046.4,6987.4
2022-10-10,5722.0,7247.6,8272.4
2022-10-11,5894.8,7310.5,8203.9
2022-10-12,5844.1,7361.0,8340.7
2022-10-13,5945.2,7426.5,8449.5
2022-10-14,5865.2,7268.0,8318.8
2022-10-15,5330.2,6186.8,7174.5
2022-10-16,4985.3,5999.4,6917.0
2022-10-17,5476.6,7056.5,8131.3
2022-10-18,5846.2,7186.5,8085.1
2022-10-19,5836.9,7253.8,8022.1
2022-10-20,6115.1,7471.8,8410.6
2022-10-21,5924.6,7333.3,8329.3
2022-10-22,5576.9,6508.6,7645.7
2022-10-23,5281.3,6239.2,7091.7
2022-10-24,5807.2,7517.5,8515.6
2022-10-25,6032.8,7503.2,8436.1
2022-10-26,6145.6,7483.1,8398.4
2022-10-27,6152.4,7306.2,8277.7
2022-10-28,5564.2,6354.7,7254.1
2022-10-29,5331.1,6130.4,7002.7
2022-10-30,5073.4,6191.6,7025.9
2022-10-31,5807.6,7402.7,8347.6
2022-11-01,5885.1,7599.3,8531.3
2022-11-02,6066.8,7656.6,8557.9
2022-11-03,6245.9,7754.5,8727.6
2022-11-04,6037.9,7635.3,8686.1
2022-11-05,5546.0,6594.2,7601.0
2022-11-06,5453.0,6545.3,7407.6
2022-11-07,6060.6,7737.6,8649.6
2022-11-08,6246.2,7810.4,8707.4
2022-11-09,6258.9,7907.1,8798.5
2022-11-10,6267.4,7870.6,8733.2
2022-11-11,6312.1,7785.7,8773.8
2022-11-12,5863.9,6816.0,7608.6
2022-11-13,5629.5,6760.6,7587.3
2022-11-14,6230.5,7934.5,8873.5
2022-11-15,6499.4,8146.5,9109.5
2022-11-16,6415.6,8100.6,9157.7
2022-11-17,6245.4,7431.0,8483.7
2022-11-18,6082.8,7682.4,8727.6
2022-11-19,6239.4,7323.5,8155.9
2022-11-20,6251.0,7379.8,8230.6
2022-11-21,6680.4,8549.9,9596.3
2022-11-22,7029.6,8694.1,9765.8
2022-11-23,6958.2,8595.3,9558.4
2022-11-24,7331.6,8796.9,9597.9
2022-11-25,6730.9,8290.0,9341.6
2022-11-26,6215.2,7177.7,8111.2
2022-11-27,5908.7,7123.8,7986.4
2022-11-28,6729.9,8565.7,9705.4
2022-11-29,6848.2,8629.1,9655.6
2022-11-30,7023.5,8705.4,9666.9
2022-12-01,7035.4,8644.1,9601.0
2022-12-02,7010.8,8756.2,9931.1
2022-12-03,6672.5,7706.3,8723.6
2022-12-04,6165.1,7293.1,8090.6
2022-12-05,6569.4,8457.4,9688.8
2022-12-06,6871.9,8657.8,9740.6
2022-12-07,6938.9,8669.0,9605.5
2022-12-08,6951.2,8658.4,9609.0
2022-12-09,7068.2,8651.1,9750.1
2022-12-10,6546.9,7631.9,8514.3
2022-12-11,6427.2,7720.2,8585.5
2022-12-12,7249.8,9103.6,10217.4
2022-12-13,7653.6,9365.5,10271.0
2022-12-14,8006.8,9587.0,10732.6
2022-12-15,7705.0,9303.1,10263.8
2022-12-16,7648.9,9060.6,10116.2
2022-12-17,7058.7,8126.5,8911.2
2022-12-18,7187.3,8329.8,9122.1
2022-12-19,7671.5,9139.3,10161.4
2022-12-20,7418.5,8890.1,9875.1
2022-12-21,7141.4,8445.5,9493.8
2022-12-22,6640.6,7858.4,8707.6
2022-12-23,5990.2,7090.6,7913.7
2022-12-24,5252.2,5937.2,7056.4
2022-12-25,5012.8,5756.3,6268.6
2022-12-26,4942.4,5881.4,6553.0
2022-12-27,5093.7,6531.1,7385.4
2022-12-28,5648.9,6780.8,7666.4
2022-12-29,5454.1,6637.6,7413.0
2022-12-30,5439.0,6576.6,7449.2
2022-12-31,5231.8,6009.4,6770.0
2023-01-01,4952.0,5650.9,6445.0
2023-01-02,5016.7,7095.8,8157.8
2023-01-03,5858.6,7692.0,8623.7
2023-01-04,6463.6,8050.7,9018.9
2023-01-05,6290.0,7821.9,8779.0
2023-01-06,6328.8,7729.6,8669.6
2023-01-07,5752.2,6757.0,7585.4
2023-01-08,5631.9,6848.1,7701.6
2023-01-09,6270.7,8005.1,9169.0
2023-01-10,6517.6,8174.5,9113.5
2023-01-11,6781.6,8360.7,9275.2
2023-01-12,6787.3,8249.4,9150.9
2023-01-13,6518.8,7983.5,8961.6
2023-01-14,6119.6,6984.7,7858.0
2023-01-15,5728.5,6883.2,7771.3
2023-01-16,6536.6,8156.4,9189.6
2023-01-17,6752.6,8291.3,9225.8
2023-01-18,6808.5,8494.3,9510.1
2023-01-19,6996.6,8652.9,9701.6
2023-01-20,7202.4,8710.6,9840.4
2023-01-21,6755.9,7797.3,8804.9
2023-01-22,6422.8,7590.4,8457.9
2023-01-23,7039.6,8703.5,9783.2
2023-01-24,7110.6,8799.6,9854.0
2023-01-25,7134.4,8811.7,9894.7
2023-01-26,7209.6,8897.1,10062.8
2023-01-27,7252.9,8834.0,10001.9
2023-01-28,6792.9,7849.1,8849.6
2023-01-29,6688.5,7799.6,8611.4
2023-01-30,7422.9,9006.0,10117.7
2023-01-31,7313.0,8874.6,9882.4
2023-02-01,7195.4,8788.7,9780.6
2023-02-02,7191.3,8737.4,9738.2
2023-02-03,7060.6,8621.6,9825.8
2023-02-04,6445.9,7548.8,8514.3
2023-02-05,6553.9,7633.1,8453.5
2023-02-06,7476.4,9096.0,10152.9
2023-02-07,7900.1,9281.9,10323.4
2023-02-08,7897.5,9212.0,10201.8
2023-02-09,7844.3,9082.9,10153.9
2023-02-10,7608.7,8973.8,10083.6
2023-02-11,6809.3,7798.3,8657.4
2023-02-12,6284.0,7220.0,7919.6
2023-02-13,6755.1,8353.1,9327.6
2023-02-14,6922.6,8514.8,9479.4
2023-02-15,7035.4,8607.6,9576.4
2023-02-16,7211.4,8602.4,9633.7
2023-02-17,6733.4,8327.1,9382.2
2023-02-18,6142.0,6987.0,7897.7
2023-02-19,5669.6,6873.1,7748.0
2023-02-20,6536.2,8090.9,9096.8
2023-02-21,6550.1,7966.7,8857.6
2023-02-22,6485.3,7923.9,8778.1
2023-02-23,6521.8,7907.1,8816.9
2023-02-24,6339.4,7719.9,8721.7
2023-02-25,6125.3,7083.7,8080.6
2023-02-26,6076.7,7164.4,8034.3
2023-02-27,6930.4,8528.9,9491.8
2023-02-28,7258.9,8563.4,9480.2
2023-03-01,7306.0,8488.6,9461.9
2023-03-02,7101.2,8314.6,9294.4
2023-03-03,7037.2,8281.5,9304.4
2023-03-04,6546.4,7394.3,8242.1
2023-03-05,6143.7,7256.9,8080.4
2023-03-06,6814.2,8380.8,9321.1
2023-03-07,7012.6,8417.6,9342.5
2023-03-08,6723.5,8243.3,9145.2
2023-03-09,6687.5,8077.2,9058.4
2023-03-10,6402.5,7717.0,8668.3
2023-03-11,6147.4,7256.0,8303.4
2023-03-12,6259.6,6999.3,7608.9
2023-03-13,6447.8,7993.9,8969.7
2023-03-14,6481.6,7955.6,8861.8
2023-03-15,6728.3,8026.1,8746.7
2023-03-16,6792.6,8085.5,9012.9
2023-03-17,6552.3,7810.8,8821.1
2023-03-18,6020.3,6648.8,7407.9
2023-03-19,5591.3,6496.7,7284.6
2023-03-20,6077.5,7534.9,8508.1
2023-03-21,6152.2,7577.5,8394.3
2023-03-22,6050.9,7384.2,8169.3
2023-03-23,6099.5,7409.9,8194.1
2023-03-24,5835.2,7246.7,8073.8
2023-03-25,5436.2,6350.7,7236.9
2023-03-26,5187.1,6257.4,7095.4
2023-03-27,5870.0,7792.2,8878.0
2023-03-28,6647.9,8033.0,9066.7
2023-03-29,6786.5,8035.7,9117.3
2023-03-30,6546.2,7965.2,8827.4
2023-03-31,6386.2,7603.1,8455.7
2023-04-01,5681.6,6564.8,7484.9
2023-04-02,5442.0,6637.1,7593.7
2023-04-03,6380.9,7977.7,8916.4
2023-04-04,6811.3,8134.8,9184.4
2023-04-05,7016.8,8204.6,9071.2
2023-04-06,6700.2,7920.3,8934.2
2023-04-07,6150.3,6867.4,7646.0
2023-04-08,5725.7,6616.5,7595.4
2023-04-09,5597.0,6408.6,7284.8
2023-04-10,5377.8,5941.0,6621.2
2023-04-11,5810.0,7550.6,8593.8
2023-04-12,6384.0,7605.6,8567.6
2023-04-13,6215.1,7691.2,8645.0
2023-04-14,6212.0,7699.7,8777.4
2023-04-15,5911.0,6687.7,7705.9
2023-04-16,5536.6,6365.6,7073.2
2023-04-17,6127.3,7559.9,8492.8
2023-04-18,6186.3,7582.5,8493.9
2023-04-19,6085.4,7670.8,8740.5
2023-04-20,6336.8,7621.3,8765.5
2023-04-21,6020.3,7111.6,8051.0
2023-04-22,5477.0,6058.4,6772.0
2023-04-23,5159.5,5962.8,6663.5
2023-04-24,5560.7,7207.3,8187.4
2023-04-25,6024.0,7351.5,8180.8
2023-04-26,6109.0,7468.9,8250.2
2023-04-27,6323.6,7390.3,8241.4
2023-04-28,6082.6,7252.1,8188.5
2023-04-29,5409.4,6187.9,7092.1
2023-04-30,5151.6,5763.4,6580.2
2023-05-01,4989.3,5714.4,6391.4
2023-05-02,5329.4,6915.5,7846.3
2023-05-03,5772.4,7041.5,8055.1
2023-05-04,5822.9,6896.2,7806.0
2023-05-05,5680.3,6718.5,7571.4
2023-05-06,5037.8,5700.3,6635.8
2023-05-07,4623.3,5496.7,6345.5
2023-05-08,4836.4,5554.4,6188.4
2023-05-09,5338.4,6685.5,7571.8
2023-05-10,5620.4,6879.5,7581.7
2023-05-11,5622.5,6857.9,7741.2
2023-05-12,5564.6,6767.0,7676.2
2023-05-13,5067.4,5813.3,6829.5
2023-05-14,4776.3,5717.5,6379.3
2023-05-15,5475.7,6885.4,7850.2
2023-05-16,5510.2,6876.8,7619.6
2023-05-17,5577.8,7043.2,7971.8
2023-05-18,5806.3,7046.0,8000.0
2023-05-19,5617.2,6845.2,7808.6
2023-05-20,5145.4,5773.7,6614.3
2023-05-21,4709.2,5604.6,6333.0
2023-05-22,5257.2,6653.6,7537.3
2023-05-23,5423.4,6761.2,7721.6
2023-05-24,5348.6,6779.4,7744.7
2023-05-25,5563.4,6770.3,7657.0
2023-05-26,5294.5,6597.9,7609.2
2023-05-27,4995.4,5661.2,6520.4
2023-05-28,4546.5,5501.6,6126.8
2023-05-29,5228.8,6674.7,7576.8
2023-05-30,5455.3,6743.8,7651.3
2023-05-31,5331.3,6673.0,7511.1
2023-06-01,5451.8,6837.4,7877.9
2023-06-02,5396.1,6703.2,7873.3
2023-06-03,4725.4,5685.2,6747.6
2023-06-04,4522.0,5633.2,6586.4
2023-06-05,5134.1,6647.5,7767.4
2023-06-06,5163.1,6653.8,7753.5
2023-06-07,5205.1,6649.6,7748.5
2023-06-08,5213.0,6639.1,7731.3
2023-06-09,5118.4,6453.0,7615.1
2023-06-10,4566.8,5487.6,6586.2
2023-06-11,4248.2,5399.1,6430.4
2023-06-12,5037.3,6568.8,7701.0
2023-06-13,5210.2,6643.6,7737.4
2023-06-14,5216.9,6633.3,7690.9
2023-06-15,5260.0,6617.8,7659.5
2023-06-16,5102.1,6413.0,7554.6
2023-06-17,4602.1,5488.5,6554.6
2023-06-18,4276.7,5430.1,6422.9
2023-06-19,4959.6,6587.7,7798.3
2023-06-20,5235.2,6822.4,7969.2
2023-06-21,5320.9,6847.2,8117.6
2023-06-22,5270.9,6887.8,8101.7
2023-06-23,5262.1,6618.1,7896.1
2023-06-24,4644.3,5500.8,6517.2
2023-06-25,4296.4,5468.8,6495.6
2023-06-26,4988.5,6740.5,8028.4
2023-06-27,5295.5,6721.4,7813.9
2023-06-28,5267.1,6664.6,7703.5
2023-06-29,5228.2,6674.8,7806.2
2023-06-30,5165.0,6474.8,7657.6
2023-07-01,4652.6,5572.4,6703.0
2023-07-02,4216.2,5324.9,6300.5
2023-07-03,4836.3,6242.4,7366.3
2023-07-04,5026.0,6285.5,7452.1
2023-07-05,4706.6,5590.2,6631.5
2023-07-06,4341.4,5320.3,6224.1
2023-07-07,4348.6,5591.9,6596.5
2023-07-08,4291.6,5258.8,6246.6
2023-07-09,4102.6,5360.8,6330.0
2023-07-10,4861.9,6535.7,7949.7
2023-07-11,5115.3,6704.8,7957.2
2023-07-12,5204.2,6732.5,8003.0
2023-07-13,5229.1,6638.1,7862.0
2023-07-14,5041.4,6452.5,7725.4
2023-07-15,4584.5,5622.3,6723.7
2023-07-16,4373.6,5545.8,6486.0
2023-07-17,4967.8,6619.6,7860.3
2023-07-18,5112.3,6608.4,7858.6
2023-07-19,5090.2,6588.7,7861.4
2023-07-20,5079.3,6496.3,7682.2
2023-07-21,4998.0,6246.0,7459.8
2023-07-22,4391.9,5283.5,6389.8
2023-07-23,4070.9,5233.7,6300.0
2023-07-24,4565.0,6080.7,7302.9
2023-07-25,4672.3,6012.0,7125.7
2023-07-26,4582.9,5906.9,7046.8
2023-07-27,4577.1,5884.7,7000.5
2023-07-28,4504.4,5778.4,6990.5
2023-07-29,4183.3,5106.1,6149.4
2023-07-30,3948.8,4973.9,5923.3
2023-07-31,4255.8,5733.0,6906.8
2023-08-01,4481.9,5894.4,7071.5
2023-08-02,4502.0,5881.9,7007.8
2023-08-03,4575.6,5937.3,7138.6
2023-08-04,4468.2,5751.9,6951.1
2023-08-05,4250.9,5104.5,6149.5
2023-08-06,4084.0,5065.6,6104.6
2023-08-07,4452.5,6073.4,7298.0
2023-08-08,4726.1,6127.6,7320.7
2023-08-09,4737.6,6181.6,7422.7
2023-08-10,4788.4,6195.3,7373.2
2023-08-11,4812.8,6164.4,7415.7
2023-08-12,4451.7,5412.0,6558.0
2023-08-13,4312.5,5432.6,6475.4
2023-08-14,4851.8,6602.9,8038.9
2023-08-15,5084.4,6747.5,8113.2
2023-08-16,5110.7,6728.5,8086.0
2023-08-17,5119.6,6662.4,7984.7
2023-08-18,5028.9,6497.7,7866.4
2023-08-19,4634.3,5612.1,6755.2
2023-08-20,4368.8,5550.9,6550.4
2023-08-21,4984.7,6843.6,8328.7
2023-08-22,5278.6,6985.8,8420.1
2023-08-23,5336.3,6910.3,8249.8
2023-08-24,5226.0,6838.7,8173.4
2023-08-25,5190.4,6716.9,8163.3
2023-08-26,4780.4,5649.1,6740.6
2023-08-27,4379.2,5456.3,6471.9
2023-08-28,4885.7,6549.2,7805.0
2023-08-29,5072.9,6589.5,7701.1
2023-08-30,5084.4,6614.7,7802.7
2023-08-31,5157.8,6645.6,7915.4
2023-09-01,5116.1,6468.2,7719.3
2023-09-02,4741.3,5605.2,6826.3
2023-09-03,4489.2,5511.6,6581.8
2023-09-04,4916.1,6539.7,7773.7
2023-09-05,5142.3,6699.0,7956.8
2023-09-06,5115.4,6714.5,7926.1
2023-09-07,5123.3,6732.2,7943.8
2023-09-08,5120.8,6554.8,7921.2
2023-09-09,4630.4,5556.0,6786.5
2023-09-10,4409.8,5553.1,6743.8
2023-09-11,4921.5,6688.4,8011.5
2023-09-12,5129.4,6780.4,8055.0
2023-09-13,5162.3,6784.4,7960.3
2023-09-14,5183.6,6674.8,7838.4
2023-09-15,5041.8,6475.5,7728.9
2023-09-16,4591.5,5528.5,6702.8
2023-09-17,4368.5,5498.7,6622.8
2023-09-18,4910.4,6657.1,7925.3
2023-09-19,5232.9,6771.4,8003.0
2023-09-20,5248.3,6822.9,7982.7
2023-09-21,5243.8,6739.9,7891.7
2023-09-22,5089.5,6554.2,7750.4
2023-09-23,4644.9,5535.6,6714.3
2023-09-24,4467.7,5531.9,6640.3
2023-09-25,5041.5,6671.9,7907.0
2023-09-26,5215.4,6753.9,7943.2
2023-09-27,5115.5,6575.1,7785.8
2023-09-28,4847.2,5795.7,6989.5
2023-09-29,4550.4,5885.6,6974.1
2023-09-30,4510.4,5386.7,6419.8
2023-10-01,4383.0,5420.9,6532.6
2023-10-02,4897.8,6629.6,7848.9
2023-10-03,5153.7,6769.1,7959.8
2023-10-04,5185.0,6767.7,7884.8
2023-10-05,5269.6,6844.0,7994.0
2023-10-06,5311.7,6774.7,7972.6
2023-10-07,4869.5,5771.1,6949.8
2023-10-08,4526.0,5694.0,6712.8
2023-10-09,5069.5,6980.0,8096.0
2023-10-10,5396.3,7017.2,8036.7
2023-10-11,5501.1,7017.7,8136.0
2023-10-12,5443.1,6942.9,7953.8
2023-10-13,5327.2,6788.4,7858.5
2023-10-14,4970.4,5894.6,6926.8
2023-10-15,4726.2,5901.2,6936.7
2023-10-16,5489.8,7125.2,8244.4
2023-10-17,5753.1,7360.5,8459.3
2023-10-18,5937.6,7445.5,8654.6
2023-10-19,5834.7,7352.9,8401.0
2023-10-20,5670.7,7097.8,8159.8
2023-10-21,5126.7,6024.7,7291.4
2023-10-22,4740.6,5890.4,7009.3
2023-10-23,5375.8,7023.3,8213.3
2023-10-24,5518.7,7114.9,8084.0
2023-10-25,5454.9,7064.4,8187.7
2023-10-26,5436.6,7064.0,8228.6
2023-10-27,5464.1,6999.8,8224.8
2023-10-28,5084.4,5930.9,7003.9
2023-10-29,4721.2,5939.5,6835.0
2023-10-30,5422.9,7063.8,8078.1
2023-10-31,5466.1,7202.9,8253.0
2023-11-01,5653.4,7239.5,8272.6
2023-11-02,5735.1,7295.6,8313.9
2023-11-03,5647.9,7287.6,8436.4
2023-11-04,5243.6,6271.9,7310.7
2023-11-05,4958.9,6109.5,7075.3
2023-11-06,5481.0,7255.3,8306.8
2023-11-07,5710.8,7330.9,8339.9
2023-11-08,5729.5,7498.7,8512.7
2023-11-09,6006.2,7542.2,8635.8
2023-11-10,5806.3,7376.8,8398.2
2023-11-11,5479.1,6515.2,7510.4
2023-11-12,5225.9,6379.9,7432.2
2023-11-13,5781.5,7583.1,8632.3
2023-11-14,5927.6,7545.2,8533.0
2023-11-15,5820.6,7501.3,8538.9
2023-11-16,5863.6,7332.2,8382.4
2023-11-17,5397.2,6516.3,7478.6
2023-11-18,5333.7,6465.5,7396.7
2023-11-19,5413.6,6550.0,7490.9
2023-11-20,5724.9,7525.3,8590.2
2023-11-21,5898.3,7645.3,8580.9
2023-11-22,6225.0,8085.7,9239.5
2023-11-23,6472.8,8073.7,9134.4
2023-11-24,6175.8,7804.8,8947.0
2023-11-25,5894.2,7087.1,8126.3
2023-11-26,5859.4,7145.5,8116.5
2023-11-27,6439.0,8265.8,9374.4
2023-11-28,6660.9,8501.3,9583.0
2023-11-29,7437.6,8877.6,9700.0
2023-11-30,6966.7,8601.1,9623.5
2023-12-01,6933.4,8517.8,9625.6
2023-12-02,6478.0,7639.8,8596.7
2023-12-03,6468.5,7649.0,8439.4
2023-12-04,7255.7,9033.7,10136.1
2023-12-05,7397.8,9005.2,10050.1
2023-12-06,7250.2,8872.2,9873.4
2023-12-07,7097.4,8806.9,9864.2
2023-12-08,7240.6,8788.2,10018.2
2023-12-09,6619.0,7699.5,8691.6
2023-12-10,6305.1,7410.6,8340.8
2023-12-11,6671.3,8334.1,9384.1
2023-12-12,6537.2,8211.4,9209.9
2023-12-13,6524.5,8206.7,9253.8
2023-12-14,6437.7,8128.8,9128.5
2023-12-15,6490.3,8044.8,9145.5
2023-12-16,6037.4,7151.8,8863.6
2023-12-17,5789.0,7157.0,9198.2
2023-12-18,6307.9,7836.5,8876.3
2023-12-19,6318.7,7755.1,8693.5
2023-12-20,6117.9,7642.9,8634.4
2023-12-21,5967.3,7363.0,8353.5
2023-12-22,5762.6,7152.3,8025.1
2023-12-23,5555.3,6757.2,7860.8
2023-12-24,5210.3,5933.1,7081.6
2023-12-25,4771.8,5549.9,6149.1
2023-12-26,4746.9,5634.9,6396.2
2023-12-27,4896.4,6203.0,7101.9
2023-12-28,5171.7,6313.8,7159.8
2023-12-29,4933.4,6063.7,6905.4
2023-12-30,4860.6,5819.6,6598.8
2023-12-31,4927.8,5837.1,6712.8
2024-01-01,4806.0,5665.1,6377.8
2024-01-02,5039.0,7249.2,8654.7
2024-01-03,5956.7,7619.8,8686.2
2024-01-04,6121.5,7822.4,8836.4
2024-01-05,6310.1,7852.3,8873.7
2024-01-06,5945.7,6967.6,7932.2
2024-01-07,5962.0,7320.8,8316.9
2024-01-08,7123.8,9018.1,10122.3
2024-01-09,7829.8,9440.2,10538.0
2024-01-10,8058.9,9415.3,10548.6
2024-01-11,7960.9,9392.8,10561.0
2024-01-12,7386.0,8972.6,10089.8
2024-01-13,6791.2,7818.8,8824.1
2024-01-14,6535.0,7657.7,8591.9
2024-01-15,7120.5,8897.7,10082.5
2024-01-16,7276.8,8963.7,9979.5
2024-01-17,7571.7,9103.9,10225.2
2024-01-18,7049.0,8843.1,9985.7
2024-01-19,7418.8,8928.0,10159.2
2024-01-20,7022.5,8014.5,9109.4
2024-01-21,6932.8,7969.3,8920.6
2024-01-22,7353.9,8953.8,10075.4
2024-01-23,7165.9,8741.7,9815.4
2024-01-24,7072.0,8506.5,9575.3
2024-01-25,6695.4,8343.8,9430.7
2024-01-26,6701.8,8226.9,9364.9
2024-01-27,6210.1,7245.9,8378.9
2024-01-28,6101.1,7249.9,8240.6
2024-01-29,6905.6,8475.3,9736.6
2024-01-30,7036.0,8678.0,9818.8
2024-01-31,7087.4,8677.8,9719.5
2024-02-01,6934.4,8490.4,9539.6
2024-02-02,6680.5,8219.5,9365.0
2024-02-03,6023.1,6997.4,8005.9
2024-02-04,5719.5,6805.5,7693.0
2024-02-05,6204.2,7859.2,8980.0
2024-02-06,6418.3,8022.7,9104.2
2024-02-07,6439.8,8094.0,9035.5
2024-02-08,6600.2,8200.3,9325.1
2024-02-09,6285.9,7723.4,8789.7
2024-02-10,5683.5,6616.6,7653.9
2024-02-11,5377.8,6568.6,7510.6
2024-02-12,6070.9,7752.2,8810.2
2024-02-13,6290.3,7933.0,8983.9
2024-02-14,6642.7,8085.6,9174.5
2024-02-15,6247.2,7779.5,8774.7
2024-02-16,6260.8,7635.6,8826.0
2024-02-17,5663.6,6636.4,7670.6
2024-02-18,5516.7,6585.9,7547.4
2024-02-19,6074.2,7814.3,8923.6
2024-02-20,6287.2,7921.0,9014.1
2024-02-21,6335.5,7850.8,8871.6
2024-02-22,6311.4,7889.0,8948.3
2024-02-23,6213.5,7751.8,9219.5
2024-02-24,5810.4,6733.4,7905.0
2024-02-25,5592.7,6660.5,7603.6
2024-02-26,6301.6,7897.0,8979.2
2024-02-27,6351.8,7879.8,8956.3
2024-02-28,6197.4,7843.5,8909.6
2024-02-29,6383.3,7896.0,8970.9
2024-03-01,6163.5,7598.0,8636.0
2024-03-02,5561.0,6544.8,7574.4
2024-03-03,5275.1,6362.5,7377.7
2024-03-04,5999.9,7548.5,8823.5
2024-03-05,6013.9,7705.3,8757.7
2024-03-06,6193.6,7780.8,8867.2
2024-03-07,6257.6,7981.5,9044.7
2024-03-08,6491.2,7872.8,9012.0
2024-03-09,5926.8,6782.0,7854.1
2024-03-10,5489.0,6470.3,7395.4
2024-03-11,5866.7,7476.8,8601.1
2024-03-12,5982.6,7607.3,8688.2
2024-03-13,6101.2,7617.7,8762.6
2024-03-14,6076.9,7565.1,8569.0
2024-03-15,5955.0,7297.3,8441.3
2024-03-16,5393.3,6323.6,7325.5
2024-03-17,5253.3,6355.1,7280.8
2024-03-18,6088.6,7675.7,8856.0
2024-03-19,6404.6,7832.8,8960.9
2024-03-20,6467.8,7772.2,8957.0
2024-03-21,6271.8,7612.7,8660.4
2024-03-22,5958.5,7376.2,8610.2
2024-03-23,5441.6,6489.3,7456.1
2024-03-24,5441.0,6593.0,7569.3
2024-03-25,6059.6,7746.3,8874.8
2024-03-26,6465.0,7695.3,8803.2
2024-03-27,6120.3,7458.2,8471.8
2024-03-28,5915.1,7313.7,8638.3
2024-03-29,5357.6,6208.4,7431.9
2024-03-30,4927.4,5811.8,7077.0
2024-03-31,4732.2,5665.0,6952.0
2024-04-01,4541.8,5480.7,6530.1
2024-04-02,5053.2,7020.4,8289.7
2024-04-03,5747.4,7272.3,8418.5
2024-04-04,5817.2,7263.1,8332.9
2024-04-05,5696.8,7037.0,8210.1
2024-04-06,5128.2,5857.5,7008.2
2024-04-07,4684.7,5673.3,6745.4
2024-04-08,5101.2,6736.4,7978.0
2024-04-09,5287.1,6890.2,8039.8
2024-04-10,5421.2,6996.0,8117.4
2024-04-11,5543.8,6966.7,8193.6
2024-04-12,5443.2,6755.1,7987.8
2024-04-13,4883.4,5747.9,6896.4
2024-04-14,4604.7,5604.6,6674.3
2024-04-15,5140.0,6805.6,8007.6
2024-04-16,5485.4,7101.1,8261.6
2024-04-17,5684.1,7202.7,8281.7
2024-04-18,5839.6,7292.8,8407.0
2024-04-19,5977.3,7345.2,8414.5
2024-04-20,5487.8,6428.0,7630.5
2024-04-21,5315.6,6370.7,7396.6
2024-04-22,5915.2,7518.8,8695.4
2024-04-23,6271.9,7596.5,8797.9
2024-04-24,6033.3,7587.3,8724.8
2024-04-25,6191.2,7529.8,8576.2
2024-04-26,5777.1,7174.4,8374.8
2024-04-27,5201.2,5873.6,6960.8
2024-04-28,4766.9,5667.1,6604.9
2024-04-29,5236.8,6702.3,7797.9
2024-04-30,5283.1,6601.2,7794.3
2024-05-01,4882.8,5893.3,7005.5
2024-05-02,4984.8,6541.6,7713.8
2024-05-03,5002.1,6396.9,7535.0
2024-05-04,4707.1,5609.6,6806.2
2024-05-05,4454.2,5509.1,6537.7
2024-05-06,5010.0,6584.0,7794.8
2024-05-07,5165.3,6661.1,7790.0
2024-05-08,5051.1,5956.4,7101.7
2024-05-09,5138.8,6627.7,7847.9
2024-05-10,5081.8,6373.9,7550.2
2024-05-11,4697.4,5556.1,6750.9
2024-05-12,4443.1,5522.7,6652.6
2024-05-13,5061.0,6654.0,7808.1
2024-05-14,5281.6,6790.6,7900.1
2024-05-15,5289.0,6784.9,7878.8
2024-05-16,5237.2,6750.8,7847.1
2024-05-17,5266.1,6722.2,7962.2
2024-05-18,4735.0,5649.5,6792.1
2024-05-19,4392.6,5522.2,6599.3
2024-05-20,4984.6,6667.4,7880.9
2024-05-21,5229.9,6773.2,7892.5
2024-05-22,5275.3,6781.7,7926.9
2024-05-23,5268.8,6778.1,8075.4
2024-05-24,5155.9,6555.1,7799.5
2024-05-25,4631.0,5571.2,6703.1
2024-05-26,4315.2,5515.4,6606.8
2024-05-27,4946.8,6595.3,7801.3
2024-05-28,5174.3,6773.5,7962.6
2024-05-29,5327.2,6798.1,7912.9
2024-05-30,5239.6,6736.0,7840.9
2024-05-31,5160.0,6557.9,7697.3
2024-06-01,4650.8,5603.5,6895.9
2024-06-02,4356.1,5501.1,6522.7
2024-06-03,4916.1,6600.5,7881.7
2024-06-04,5131.9,6691.9,7854.0
2024-06-05,5289.4,6801.4,7980.0
2024-06-06,5202.9,6775.3,8072.0
2024-06-07,5178.7,6626.9,7981.5
2024-06-08,4690.5,5682.3,6819.0
2024-06-09,4366.1,5591.8,6675.1
2024-06-10,5022.7,6698.0,8001.3
2024-06-11,5295.3,6752.6,7878.0
2024-06-12,5207.1,6772.5,7976.1
2024-06-13,5338.6,6781.7,7941.9
2024-06-14,5283.8,6550.8,7715.9
2024-06-15,4664.7,5601.3,6652.3
2024-06-16,4392.1,5548.2,6638.4
2024-06-17,5026.1,6700.4,7922.2
2024-06-18,5265.5,6879.1,8093.5
2024-06-19,5309.5,6934.0,8187.8
2024-06-20,5299.3,6806.1,7954.1
2024-06-21,5233.0,6702.8,8014.5
2024-06-22,4706.5,5609.8,6827.6
2024-06-23,4350.2,5527.6,6555.1
2024-06-24,4963.6,6629.6,7956.2
2024-06-25,5026.8,6762.5,8111.9
2024-06-26,5262.2,6933.9,8203.6
2024-06-27,5338.8,6932.6,8262.6
2024-06-28,5280.1,6771.6,8235.3
2024-06-29,4676.2,5764.5,7035.9
2024-06-30,4478.1,5725.3,6747.1
2024-07-01,4714.4,6471.1,7965.9
2024-07-02,5054.4,6518.3,7701.4
2024-07-03,5102.7,6531.2,7774.5
2024-07-04,5017.2,6371.8,7638.6
2024-07-05,4554.1,5443.9,6555.8
2024-07-06,3947.7,5069.9,6241.8
2024-07-07,3979.6,5076.3,6099.4
2024-07-08,4494.3,6229.2,7620.7
2024-07-09,4822.5,6519.4,7914.3
2024-07-10,5050.0,6765.8,8407.7
2024-07-11,5141.6,6770.5,8290.3
2024-07-12,5067.7,6568.6,8055.6
2024-07-13,4333.9,5279.5,6435.8
2024-07-14,4002.7,5251.4,6410.7
2024-07-15,4538.6,6351.0,7889.0
2024-07-16,4821.2,6467.8,7829.6
2024-07-17,4802.1,6483.3,7969.8
2024-07-18,4950.3,6568.5,7994.7
2024-07-19,4905.3,6408.2,7847.2
2024-07-20,4255.6,5278.0,6445.1
2024-07-21,4021.2,5305.5,6471.6
2024-07-22,4605.4,6308.0,7834.1
2024-07-23,4731.1,6341.8,7827.1
2024-07-24,4776.2,6418.9,7886.9
2024-07-25,4893.5,6384.7,7684.2
2024-07-26,4857.0,6237.2,7574.2
2024-07-27,4130.3,5228.1,6469.4
2024-07-28,4054.2,5070.0,6160.5
2024-07-29,4231.9,5858.3,7197.7
2024-07-30,4384.0,5968.0,7231.8
2024-07-31,4448.8,6213.6,7899.9
2024-08-01,4814.6,6341.1,7688.4
2024-08-02,4722.5,6074.6,7512.6
2024-08-03,4041.6,5010.6,6293.2
2024-08-04,3797.7,4960.6,6072.7
2024-08-05,4208.8,5805.6,7196.3
2024-08-06,4373.3,6022.8,7985.4
2024-08-07,4421.3,6198.2,7680.5
2024-08-08,4755.8,6285.9,7661.5
2024-08-09,4739.9,6176.8,7594.3
2024-08-10,4125.7,5198.8,6471.5
2024-08-11,3891.9,5195.1,6412.8
2024-08-12,4390.0,6280.3,7778.7
2024-08-13,4767.4,6538.2,8035.8
2024-08-14,4868.9,6722.3,8318.2
2024-08-15,5133.9,6779.8,8364.8
2024-08-16,5009.6,6597.1,8161.5
2024-08-17,4355.7,5382.5,6550.9
2024-08-18,4074.2,5276.9,6504.1
2024-08-19,4523.0,6230.9,7762.1
2024-08-20,4749.0,6476.5,7942.9
2024-08-21,4886.6,6595.1,8035.2
2024-08-22,5059.3,6584.0,7966.9
2024-08-23,4972.5,6499.5,7950.0
2024-08-24,4321.5,5409.3,6690.3
2024-08-25,4162.4,5311.5,6459.5
2024-08-26,4619.1,6388.2,7879.4
2024-08-27,4802.3,6614.5,7939.5
2024-08-28,5142.2,6890.6,8300.6
2024-08-29,5252.6,6996.5,8459.8
2024-08-30,5146.5,6749.9,8224.6
2024-08-31,4740.3,5741.3,7086.9
2024-09-01,4458.1,5674.9,6890.6
2024-09-02,4894.4,6806.7,8304.3
2024-09-03,5162.8,6969.1,8439.0
2024-09-04,5205.3,7019.0,8492.5
2024-09-05,5284.4,7011.0,8454.5
2024-09-06,5129.4,6726.1,8215.0
2024-09-07,4686.2,5748.1,7058.8
2024-09-08,4453.0,5701.6,6908.5
2024-09-09,4984.9,6734.1,7991.0
2024-09-10,5102.1,6741.3,8019.8
2024-09-11,5055.3,6662.3,7780.2
2024-09-12,5066.2,6692.8,7811.1
2024-09-13,4977.9,6675.4,7932.0
2024-09-14,4787.9,5865.2,7108.9
2024-09-15,4517.4,5643.8,6673.2
2024-09-16,4875.9,6743.2,8002.5
2024-09-17,5170.5,6845.4,8089.7
2024-09-18,5161.7,6810.9,8212.0
2024-09-19,5111.4,6749.1,7965.3
2024-09-20,5113.6,6630.3,7987.2
2024-09-21,4656.2,5652.7,6946.2
2024-09-22,4410.6,5572.7,6873.2
2024-09-23,4915.1,6659.0,7996.9
2024-09-24,5090.3,6823.2,8016.9
2024-09-25,5228.2,6834.6,8048.7
2024-09-26,5145.4,6846.3,8024.1
2024-09-27,5101.5,6693.3,7987.7
2024-09-28,4631.4,5657.3,6761.4
2024-09-29,4614.4,5782.0,6888.7
2024-09-30,5174.0,6973.7,8275.4
2024-10-01,5364.1,7071.2,8354.6
2024-10-02,5357.7,7203.0,8373.3
2024-10-03,5445.3,7197.4,8349.9
2024-10-04,5376.4,7106.9,8292.2
2024-10-05,5073.1,6206.9,7310.8
2024-10-06,4957.7,6140.4,7168.1
2024-10-07,5477.6,7190.9,8400.2
2024-10-08,5521.6,7174.2,8270.8
2024-10-09,5445.8,7136.6,8382.4
2024-10-10,5435.9,7143.6,8255.0
2024-10-11,5442.6,7135.2,8278.9
2024-10-12,5214.0,6279.3,7506.2
2024-10-13,4882.1,6098.2,7261.3
2024-10-14,5488.2,7265.0,8581.1
2024-10-15,5532.4,7357.0,8628.9
2024-10-16,5802.3,7417.4,8793.2
2024-10-17,5670.6,7341.8,8609.6
2024-10-18,5557.5,7111.8,8413.1
2024-10-19,5137.4,6164.3,7344.5
2024-10-20,5025.6,6162.3,7263.9
2024-10-21,5596.9,7291.0,8501.7
2024-10-22,5720.6,7424.5,8551.6
2024-10-23,5705.7,7441.7,8479.4
2024-10-24,5801.2,7484.9,8667.5
2024-10-25,5619.2,7277.2,8508.4
2024-10-26,5140.4,6174.5,7210.3
2024-10-27,4746.2,5872.4,6769.8
2024-10-28,4877.8,6084.8,6993.5
2024-10-29,5289.4,7137.8,8385.2
2024-10-30,5590.3,7281.3,8460.3
2024-10-31,5601.4,7359.4,8380.4
2024-11-01,5659.2,7292.0,8597.5
2024-11-02,5192.1,6347.1,7518.0
2024-11-03,5341.5,6566.5,7600.2
2024-11-04,5968.8,7826.2,9069.3
2024-11-05,6114.0,7830.5,8979.6
2024-11-06,6182.2,7931.8,9048.4
2024-11-07,6131.0,7909.0,9020.0
2024-11-08,6212.2,7880.9,9044.4
2024-11-09,5820.4,6968.4,8102.2
2024-11-10,5686.6,7000.4,8027.2
2024-11-11,6284.3,8361.2,9719.6
2024-11-12,6569.0,8509.3,9744.3
2024-11-13,6569.0,8476.0,9770.5
2024-11-14,6572.2,8338.2,9550.0
2024-11-15,6299.7,7981.1,9151.0
2024-11-16,5912.4,6921.9,7982.6
2024-11-17,5660.9,6866.7,7809.1
2024-11-18,6138.2,8154.6,9380.8
2024-11-19,6475.9,8120.1,9274.8
2024-11-20,6386.3,8289.6,9498.9
2024-11-21,6635.7,8398.7,9545.7
2024-11-22,6627.8,8374.8,9608.0
2024-11-23,6145.3,7322.0,8440.0
2024-11-24,5879.9,7029.5,8017.1
2024-11-25,6281.5,8092.0,9335.2
2024-11-26,6432.4,8218.9,9438.0
2024-11-27,6426.6,8265.9,9388.5
2024-11-28,6415.8,8175.3,9464.0
2024-11-29,6324.0,8045.2,9345.2
2024-11-30,6044.5,7214.6,8332.3
2024-12-01,5971.4,7239.3,8294.8
2024-12-02,6559.5,8490.6,9776.2
2024-12-03,6654.1,8498.9,9741.3
2024-12-04,6664.0,8466.6,9638.6
2024-12-05,6726.5,8561.1,9824.0
2024-12-06,6581.9,8434.9,9795.1
2024-12-07,6072.8,7243.3,8342.4
2024-12-08,5797.4,7172.3,8157.9
2024-12-09,6473.2,8500.3,9885.3
2024-12-10,6741.3,8653.1,9917.2
2024-12-11,6803.3,8652.2,9870.6
2024-12-12,6804.8,8642.3,9941.9
2024-12-13,6839.2,8557.1,9880.3
2024-12-14,6400.4,7556.7,8646.0
2024-12-15,6031.8,7256.4,8150.4
2024-12-16,6296.0,7978.0,9204.9
2024-12-17,6069.6,7809.5,8880.4
2024-12-18,6178.7,7749.3,8883.0
2024-12-19,6012.8,7396.3,8360.5
2024-12-20,5654.6,7160.4,8168.4
2024-12-21,5464.3,6663.8,7718.6
2024-12-22,5234.5,6513.7,7464.4
2024-12-23,5315.2,6731.5,7780.9
2024-12-24,5117.2,5971.5,7245.1
2024-12-25,4931.9,5912.3,6617.0
2024-12-26,5401.8,6320.8,7185.7
2024-12-27,5491.7,6810.5,7773.5
2024-12-28,5667.8,6716.5,7565.7
2024-12-29,5730.1,6758.8,7605.0
2024-12-30,5857.5,7089.8,8048.5
2024-12-31,5556.0,6632.5,7681.4
2025-01-01,5714.8,6292.7,6938.8
2025-01-02,5419.0,7248.2,8526.2
2025-01-03,6217.8,7694.3,8851.0
2025-01-04,6235.4,7377.0,8357.3
2025-01-05,6413.4,7573.2,8605.0
2025-01-06,6440.3,8281.0,9536.2
2025-01-07,6704.9,8439.6,9664.9
2025-01-08,6772.8,8513.8,9799.5
2025-01-09,6681.8,8270.5,9405.3
2025-01-10,6706.2,8441.7,9690.0
2025-01-11,6396.4,7630.5,8734.6
2025-01-12,6366.2,7638.5,8660.9
2025-01-13,7050.6,8959.2,10360.5
2025-01-14,7493.8,9127.8,10364.8
2025-01-15,7277.0,8948.1,10086.6
2025-01-16,7039.6,8814.9,10090.8
2025-01-17,6922.1,8663.1,9993.2
2025-01-18,6525.3,7609.0,8742.4
2025-01-19,6396.0,7529.3,8492.8
2025-01-20,7031.8,8819.7,10022.6
2025-01-21,7225.9,9014.2,10329.0
2025-01-22,7250.6,9052.4,10297.0
2025-01-23,7321.2,8951.9,10168.4
2025-01-24,6704.7,8535.4,9861.2
2025-01-25,6150.1,7262.5,8364.9
2025-01-26,5837.3,7012.3,7961.3
2025-01-27,6557.0,8174.9,9357.9
2025-01-28,6502.5,8189.3,9350.7
2025-01-29,6530.0,8132.6,9286.8
2025-01-30,6648.7,8186.4,9505.7
2025-01-31,6496.6,8131.2,9439.9
2025-02-01,6403.4,7363.1,8563.2
2025-02-02,6197.0,7355.1,8288.8
2025-02-03,6922.1,8687.5,10061.6
2025-02-04,7310.9,8901.2,10231.8
2025-02-05,7254.0,8836.9,10244.3
2025-02-06,6950.1,8661.9,9868.0
2025-02-07,6765.2,8491.9,9734.7
2025-02-08,6407.0,7445.2,8632.6
2025-02-09,6244.4,7329.7,8311.8
2025-02-10,6878.6,8532.7,9790.4
2025-02-11,7153.8,8693.4,10009.0
2025-02-12,6949.4,8772.7,10029.7
2025-02-13,7059.6,8836.5,10107.3
2025-02-14,7114.1,8772.7,10065.2
2025-02-15,6837.0,7879.6,8998.7
2025-02-16,6789.8,8013.9,9167.5
2025-02-17,7511.5,9280.7,10712.7
2025-02-18,7683.5,9347.6,10745.3
2025-02-19,8011.6,9456.4,10861.4
2025-02-20,7700.7,9277.9,10736.2
2025-02-21,7139.8,8846.8,10071.9
2025-02-22,6692.0,7696.3,8906.4
2025-02-23,6414.2,7502.5,8496.2
2025-02-24,6911.1,8432.9,9818.2
2025-02-25,6864.8,8313.7,9363.7
2025-02-26,6557.5,8266.1,9472.0
2025-02-27,6569.3,8268.1,9416.9
2025-02-28,6617.1,8176.4,9435.4
2025-03-01,6240.2,7256.5,8284.7
2025-03-02,5947.7,7058.1,8153.0
2025-03-03,6696.2,8337.6,9717.4
2025-03-04,6904.8,8383.1,9657.8
2025-03-05,6909.2,8284.1,9716.2
2025-03-06,6699.9,8066.8,9444.8
2025-03-07,6229.8,7801.3,9204.5
2025-03-08,5745.4,6764.4,7958.8
2025-03-09,5500.1,6498.9,7579.4
2025-03-10,5956.0,7538.6,8848.9
2025-03-11,5909.0,7561.7,8745.5
2025-03-12,6124.6,7705.9,8949.2
2025-03-13,6117.1,7993.1,9347.6
2025-03-14,6349.0,8006.2,9217.7
2025-03-15,5966.5,6994.9,8140.2
2025-03-16,5860.1,6933.7,7986.6
2025-03-17,6495.9,8317.6,9550.4
2025-03-18,7024.0,8460.1,9791.4
2025-03-19,6947.0,8324.8,9718.4
2025-03-20,6681.8,8103.5,9461.6
2025-03-21,6160.2,7783.6,9191.8
2025-03-22,5578.0,6634.9,7821.8
2025-03-23,5277.0,6490.7,7507.8
2025-03-24,5870.8,7623.4,8749.9
2025-03-25,6102.6,7613.6,8830.1
2025-03-26,6070.0,7678.7,8725.8
2025-03-27,6031.1,7661.6,8776.0
2025-03-28,5788.8,7504.3,8870.4
2025-03-29,5421.2,6459.6,7561.6
2025-03-30,5287.0,6395.7,7434.1
2025-03-31,5841.8,7557.5,8914.4
2025-04-01,5951.3,7646.7,8941.4
2025-04-02,5974.9,7583.7,8887.9
2025-04-03,6115.4,7578.5,8870.8
2025-04-04,5821.2,7336.5,8690.8
2025-04-05,5320.8,6418.9,7625.4
2025-04-06,5455.0,6745.8,8057.6
2025-04-07,6224.3,7897.4,9210.0
2025-04-08,6247.9,7817.2,9018.0
2025-04-09,6418.5,7813.8,9002.3
2025-04-10,6081.6,7718.1,9054.4
2025-04-11,5974.8,7512.3,8824.5
2025-04-12,5451.8,6334.9,7719.7
2025-04-13,5058.1,6130.2,7298.7
2025-04-14,5461.6,7124.7,8353.7
2025-04-15,5503.0,7211.3,8512.6
2025-04-16,5570.6,7083.0,8332.2
2025-04-17,5293.4,6803.9,8110.9
2025-04-18,4764.7,5925.7,7204.4
2025-04-19,4655.7,5716.2,7105.4
2025-04-20,4505.8,5505.5,6928.6
2025-04-21,4306.6,5347.8,6392.2
2025-04-22,4885.0,6769.6,8136.0
2025-04-23,5362.8,6925.4,8131.5
2025-04-24,5408.9,7041.3,8246.2
2025-04-25,5446.4,7033.3,8404.2
2025-04-26,5112.5,6030.0,7458.1
2025-04-27,4824.9,5952.5,7168.2
2025-04-28,5448.6,7017.4,8265.8
2025-04-29,5454.4,7004.5,8177.6
2025-04-30,5451.6,6820.8,8154.5
2025-05-01,4882.6,5985.7,7336.7
2025-05-02,4607.2,6057.5,7416.2
2025-05-03,4480.7,5532.6,6876.5
2025-05-04,4386.5,5575.0,6904.0
2025-05-05,5038.3,6864.5,8066.5
2025-05-06,5471.3,7040.7,8304.4
2025-05-07,5524.2,7015.0,8230.3
2025-05-08,5169.4,6258.5,7651.6
2025-05-09,5158.4,6452.3,7617.8
2025-05-10,5041.3,5924.7,7151.6
2025-05-11,4612.0,5837.2,7130.6
2025-05-12,5337.5,6978.7,8270.8
2025-05-13,5632.8,7104.1,8392.9
2025-05-14,5519.8,7023.3,8297.6
2025-05-15,5365.2,7086.2,8473.4
2025-05-16,5567.2,7047.4,8477.8
2025-05-17,5050.2,6019.0,7385.7
2025-05-18,4711.6,5917.6,7117.6
2025-05-19,5306.3,7107.8,8503.1
2025-05-20,5552.4,7062.0,8383.7
2025-05-21,5451.3,6930.1,8203.4
2025-05-22,5347.6,7029.3,8253.8
2025-05-23,5579.7,6948.3,8263.4
2025-05-24,5145.4,6013.8,7254.2
2025-05-25,4815.6,5930.1,7056.1
2025-05-26,5281.0,6987.0,8363.8
2025-05-27,5428.5,6980.1,8293.8
2025-05-28,5344.2,6984.6,8299.1
2025-05-29,5316.8,6943.8,8341.2
2025-05-30,5289.4,6740.1,8129.3
2025-05-31,4705.4,5728.2,7081.8
2025-06-01,4327.5,5573.6,6836.0
2025-06-02,4936.4,6803.2,8183.7
2025-06-03,5248.7,6927.4,8323.6
2025-06-04,5276.3,6998.9,8376.8
2025-06-05,5289.6,6936.8,8247.2
2025-06-06,5211.0,6772.7,8279.7
2025-06-07,4780.3,5765.9,7034.5
2025-06-08,4507.5,5697.7,6956.2
2025-06-09,5094.9,6857.6,8342.1
2025-06-10,5319.2,6896.8,8226.7
2025-06-11,5261.7,6882.5,8270.4
2025-06-12,5329.1,6925.7,8309.6
2025-06-13,5250.4,6765.8,8254.9
2025-06-14,4776.1,5807.4,7197.7
2025-06-15,4429.6,5786.3,7159.4
2025-06-16,5089.9,6802.9,8164.9
2025-06-17,5227.5,6913.0,8306.4
2025-06-18,5236.0,6991.7,8444.9
2025-06-19,5307.9,6955.2,8710.9
2025-06-20,5143.2,6696.0,8158.7
2025-06-21,4712.4,5787.2,7175.9
2025-06-22,4433.6,5767.4,7086.5
2025-06-23,5020.9,6875.4,8470.0
2025-06-24,5287.0,6960.7,8410.9
2025-06-25,5284.2,7061.2,8444.0
2025-06-26,5439.8,7178.0,8691.9
2025-06-27,5304.8,6830.9,8334.8
2025-06-28,4853.9,5880.9,7352.4
2025-06-29,4494.8,5821.4,7127.5
2025-06-30,5040.4,6861.7,8379.1
2025-07-01,5238.8,6950.3,8441.5
2025-07-02,5284.6,7080.1,8574.5
2025-07-03,5322.7,7019.9,8632.0
2025-07-04,5119.5,6356.8,8070.6
2025-07-05,4450.2,5600.0,6996.8
2025-07-06,4252.1,5584.9,6885.8
2025-07-07,4847.7,6633.6,8052.4
2025-07-08,5104.1,6680.6,8035.4
2025-07-09,5028.8,6625.8,8013.1
2025-07-10,5074.6,6619.3,7996.5
2025-07-11,5014.1,6506.9,7978.7
2025-07-12,4586.0,5599.1,6935.5
2025-07-13,4339.9,5587.9,6987.3
2025-07-14,4837.5,6650.9,8218.0
2025-07-15,5100.1,6726.2,8230.0
2025-07-16,5063.1,6623.2,8029.8
2025-07-17,5048.8,6594.1,8055.4
2025-07-18,4999.4,6393.7,7869.2
2025-07-19,4519.6,5569.6,6923.8
2025-07-20,4272.3,5584.3,6930.2
2025-07-21,4755.4,6540.1,8129.2
2025-07-22,4905.2,6495.9,7928.8
2025-07-23,4875.6,6522.9,7967.7
2025-07-24,4886.0,6463.7,7799.0
2025-07-25,4874.0,6372.8,7837.5
2025-07-26,4589.0,5525.2,6638.3
2025-07-27,4300.6,5388.7,6598.7
2025-07-28,4586.9,6221.1,7628.3
2025-07-29,4667.8,6262.0,7734.6
2025-07-30,4762.4,6309.7,7714.7
2025-07-31,4776.1,6297.1,7687.2
2025-08-01,4675.0,6146.2,7629.0
2025-08-02,4388.5,5430.3,6813.7
2025-08-03,4167.4,5279.2,6596.6
2025-08-04,4419.4,6110.1,7589.9
2025-08-05,4638.8,6308.4,7865.0
2025-08-06,4700.3,6305.9,7785.7
2025-08-07,4694.8,6393.8,7974.3
2025-08-08,4700.1,6335.3,8012.6
2025-08-09,4474.0,5594.7,6916.1
2025-08-10,4275.8,5573.0,6978.6
2025-08-11,4642.9,6541.9,8286.9
2025-08-12,4912.1,6694.8,8245.6
2025-08-13,4997.7,6820.0,8399.5
2025-08-14,5102.7,6915.6,8525.8
2025-08-15,5074.1,6773.4,8568.9
2025-08-16,4719.9,5724.2,7198.5
2025-08-17,4342.2,5501.1,6706.0
2025-08-18,4738.9,6606.2,8205.6
2025-08-19,4993.4,6761.6,8261.8
2025-08-20,5078.7,6817.2,8407.9
2025-08-21,5115.5,6778.4,8272.9
2025-08-22,5015.8,6485.6,8068.6
2025-08-23,4513.2,5515.5,6855.2
2025-08-24,4315.9,5557.4,7014.3
2025-08-25,4832.5,6651.0,8247.2
2025-08-26,5096.4,6803.9,8234.7
2025-08-27,5152.2,6837.7,8275.5
2025-08-28,5092.4,6897.1,8531.1
2025-08-29,5106.4,6717.8,8373.1
2025-08-30,4649.5,5700.4,7218.8
2025-08-31,4378.8,5621.3,7036.7
2025-09-01,4857.3,6807.0,8428.9
2025-09-02,5126.6,6869.2,8211.9
2025-09-03,5236.7,6982.8,8553.0
2025-09-04,5180.5,7002.2,8653.8
2025-09-05,5124.3,6715.2,8085.6
2025-09-06,4581.8,5653.5,7353.2
2025-09-07,4332.5,5641.8,7233.2
2025-09-08,4898.3,6748.9,8329.1
2025-09-09,5081.8,6886.7,8474.7
2025-09-10,5140.6,6963.2,8553.4
2025-09-11,5213.2,6855.3,8381.4
2025-09-12,5076.6,6573.2,7926.0
2025-09-13,4685.4,5621.6,7073.5
2025-09-14,4346.0,5556.6,6902.3
2025-09-15,4932.3,6718.2,8134.3
2025-09-16,5154.4,6796.8,8125.2
2025-09-17,5135.6,6806.2,8169.8
2025-09-18,5154.1,6822.1,8305.5
2025-09-19,5065.0,6715.6,8330.5
2025-09-20,4685.8,5704.7,7133.1
2025-09-21,4364.0,5645.2,7018.8
2025-09-22,4889.9,6787.4,8217.9
2025-09-23,5128.7,6915.3,8196.6
2025-09-24,5240.1,7012.9,8300.6
2025-09-25,5349.3,7157.4,8522.2
2025-09-26,5357.3,6999.1,8343.7
2025-09-27,4895.8,5869.5,7391.1
2025-09-28,4453.0,5573.9,6908.0
2025-09-29,4993.1,6857.6,8218.5
2025-09-30,5395.7,7107.8,8414.5
2025-10-01,5559.3,7339.9,8629.0
2025-10-02,5652.1,7382.6,8659.4
2025-10-03,5791.9,7363.3,8815.1
2025-10-04,5352.7,6417.9,7713.2
2025-10-05,4941.7,6143.9,7390.4
2025-10-06,5540.1,7397.8,8773.2
2025-10-07,5738.0,7459.0,8686.9
2025-10-08,5722.3,7423.5,8693.9
2025-10-09,5630.7,7392.5,8628.6
2025-10-10,5691.4,7305.4,8602.1
2025-10-11,5246.7,6283.2,7580.3
2025-10-12,4937.7,6168.0,7334.0
2025-10-13,5459.2,7337.4,8699.1
2025-10-14,5888.4,7621.6,8852.1
2025-10-15,5784.6,7555.6,8743.4
2025-10-16,5880.8,7580.0,8727.3
2025-10-17,5825.5,7418.3,8680.4
2025-10-18,5411.6,6513.6,7908.3
2025-10-19,5458.1,6556.4,7817.7
2025-10-20,5951.6,7639.7,9087.8
2025-10-21,5962.0,7616.2,9012.3
2025-10-22,5859.3,7597.1,8823.4
2025-10-23,5840.2,7504.0,8646.2
2025-10-24,5857.7,7517.6,8947.7
2025-10-25,5594.7,6596.6,7906.2
2025-10-26,4987.0,6344.8,7543.6
2025-10-27,5586.8,7171.5,8467.9
2025-10-28,5645.0,6840.2,7947.3
2025-10-29,5737.4,7450.0,8895.8
2025-10-30,5892.0,7572.3,8912.8
2025-10-31,5964.8,7566.3,8857.0
2025-11-01,5437.3,6483.4,7628.2
2025-11-02,5063.2,6349.0,7472.7
2025-11-03,5662.1,7609.6,8949.4
2025-11-04,6086.4,7754.6,8935.8
2025-11-05,6194.4,7858.5,8999.0
2025-11-06,6179.0,7855.7,9059.8
2025-11-07,6133.1,7694.2,8953.2
2025-11-08,5716.6,6803.9,8064.4
2025-11-09,5358.2,6749.5,7945.4
2025-11-10,5895.5,7903.2,9239.6
2025-11-11,6229.5,8024.9,9160.5
2025-11-12,6375.6,8113.8,9228.7
2025-11-13,6377.2,8134.2,9363.3
2025-11-14,6327.8,8032.4,9280.8
2025-11-15,5849.8,6920.9,8060.4
2025-11-16,5465.3,6571.8,7650.3
2025-11-17,5364.2,6956.4,8247.2
2025-11-18,6155.1,8213.6,9486.8
2025-11-19,6861.6,8604.7,9769.2
2025-11-20,6770.5,8594.3,9880.8
2025-11-21,6863.1,8642.8,10032.8
2025-11-22,6576.8,7803.0,9058.6
2025-11-23,6670.7,7895.8,9004.3
2025-11-24,7170.8,8963.9,10288.2
2025-11-25,7048.4,8823.7,10161.5
2025-11-26,7019.8,8895.2,10288.4
2025-11-27,7063.4,8872.0,10108.4
2025-11-28,7224.0,8901.9,10221.9
2025-11-29,6583.4,7694.2,8804.3
2025-11-30,6182.4,7488.1,8520.2
2025-12-01,6740.1,8625.0,9987.1
2025-12-02,6881.1,8733.1,10142.6
2025-12-03,6910.5,8711.1,10070.6
2025-12-04,6815.1,8591.3,9965.8
2025-12-05,6550.7,8237.5,9592.7
2025-12-06,6197.0,7326.6,8547.3
2025-12-07,5852.2,7026.1,7995.5
2025-12-08,6260.9,8073.3,9315.7
2025-12-09,6180.2,7973.4,9051.1
2025-12-10,6335.1,8099.9,9210.7
2025-12-11,6339.5,8081.5,9303.5
2025-12-12,6465.0,8223.6,9417.4
2025-12-13,6221.0,7460.7,8665.1
2025-12-14,5961.7,7329.0,8378.4
2025-12-15,6633.9,8676.4,10100.4
2025-12-16,7260.8,8897.7,10108.4
2025-12-17,6879.3,8613.6,9858.5
2025-12-18,6734.9,8373.6,9490.3
2025-12-19,6380.4,7934.3,9011.2
2025-12-20,5943.5,7063.4,8072.0
2025-12-21,5660.6,6883.0,7936.4
2025-12-22,5658.3,7153.9,8406.3
2025-12-23,5551.5,7089.6,8335.6
2025-12-24,5441.5,6487.1,7817.7
2025-12-25,5548.6,6493.0,7189.2
2025-12-26,5816.7,6643.1,7552.8
2025-12-27,5805.8,6832.0,7853.1
2025-12-28,5617.6,6764.8,7789.6
2025-12-29,6073.9,7255.1,8298.6
2025-12-30,5761.0,7193.1,8273.5
2025-12-31,6015.5,7136.7,8331.3
2026-01-01,5694.0,6547.3,7367.5
2026-01-02,5755.7,7340.3,8546.7
2026-01-03,6168.0,7366.2,8377.1
2026-01-04,6273.6,7513.4,8516.6
2026-01-05,7046.0,9097.2,10415.9
2026-01-06,7765.6,9476.4,10676.2
2026-01-07,7837.1,9607.0,10812.9
2026-01-08,8170.7,9773.9,11052.7
2026-01-09,7792.4,9633.4,10970.4
2026-01-10,7353.8,8576.7,9765.9
2026-01-11,7280.8,8537.2,9539.9
2026-01-12,8232.4,10064.1,11399.9
2026-01-13,7901.4,9530.1,10748.3
2026-01-14,7573.4,9254.6,10620.9
2026-01-15,7359.4,9103.3,10435.4
2026-01-16,7162.5,8965.7,10318.9
2026-01-17,6715.4,7841.7,9033.4
2026-01-18,6504.8,7763.3,8952.4
2026-01-19,7382.5,9228.8,10467.0
2026-01-20,7936.8,9575.6,10785.2
2026-01-21,8107.6,9732.7,11036.0
2026-01-22,8185.6,9815.4,11104.9
2026-01-23,7614.6,9558.6,11007.8
2026-01-24,7034.0,8272.3,9590.4
2026-01-25,6612.9,7799.8,8935.4
2026-01-26,6901.5,8781.2,10109.3
2026-01-27,7169.4,8920.8,10219.0
2026-01-28,7302.9,8980.0,10265.6
2026-01-29,7180.4,9042.4,10416.7
2026-01-30,7229.0,8907.0,10340.7
2026-01-31,6841.5,8014.3,9142.0
2026-02-01,6746.3,8041.2,9081.9
2026-02-02,7457.0,9342.3,10693.0
2026-02-03,7687.0,9416.8,10813.4
2026-02-04,7566.3,9252.4,10624.1
2026-02-05,7236.6,8918.5,10211.2
2026-02-06,6933.8,8600.9,9959.9
2026-02-07,6464.6,7523.1,8734.0
2026-02-08,6040.2,7354.7,8353.7
2026-02-09,6785.9,8701.3,10137.8
2026-02-10,6992.4,8733.7,9992.2
2026-02-11,7021.8,8719.6,10024.1
2026-02-12,6724.6,8317.3,9505.6
2026-02-13,6520.6,8130.9,9394.5
2026-02-14,6270.7,7417.4,8523.7
2026-02-15,6271.0,7696.7,8808.4
2026-02-16,7410.0,9212.8,10619.2
2026-02-17,7445.6,9027.1,10223.4
2026-02-18,7220.4,8953.7,10184.7
2026-02-19,7486.3,9047.9,10279.1
2026-02-20,7490.1,9010.8,10463.3
2026-02-21,6594.7,7889.0,9169.8
2026-02-22,6203.2,7369.8,8496.0
2026-02-23,6481.8,8164.5,9449.2
2026-02-24,6567.3,8272.6,9569.0
2026-02-25,6768.1,8250.8,9533.4
2026-02-26,6765.6,8245.4,9713.9
2026-02-27,6312.1,7955.1,9391.9
2026-02-28,5907.4,6879.8,8174.0
2026-03-01,5615.6,6871.1,7985.1
2026-03-02,6448.8,8097.9,9439.7
2026-03-03,6668.5,8164.1,9504.7
2026-03-04,6689.6,8102.9,9423.8
2026-03-05,6580.0,8054.0,9394.2
2026-03-06,6273.9,7844.9,9372.3
2026-03-07,5798.2,6778.1,8061.8
2026-03-08,5631.6,6707.3,7913.6
2026-03-09,6166.1,7781.3,9102.7
2026-03-10,6267.0,7814.2,9105.6
2026-03-11,6366.9,7807.9,9049.8
2026-03-12,6134.8,7813.8,9094.9
2026-03-13,5938.6,7641.9,9100.0
2026-03-14,5548.9,6545.3,7942.6
2026-03-15,5281.8,6567.4,7772.6
2026-03-16,6044.3,7867.3,9233.4
2026-03-17,6460.0,7985.7,9136.5
2026-03-18,6478.2,7883.7,9289.6
2026-03-19,6347.4,7824.4,9151.7
2026-03-20,6103.4,7734.4,9055.6
2026-03-21,5706.8,6831.3,8128.2
2026-03-22,5699.5,6750.0,7918.4
2026-03-23,6234.7,7781.6,9156.1
2026-03-24,6329.8,7797.2,9007.0
2026-03-25,6219.4,7793.4,8903.5
2026-03-26,6317.0,8045.9,9439.3
2026-03-27,6489.7,7991.9,9331.4
2026-03-28,5944.9,7075.6,8332.8
2026-03-29,5721.0,7001.7,8286.2
2026-03-30,6436.1,8180.9,9614.3
2026-03-31,6569.0,8221.8,9618.4
2026-04-01,6515.1,8041.5,9439.6
2026-04-02,6296.7,7829.2,9327.4
2026-04-03,5747.6,6753.7,8178.9
2026-04-04,5346.1,6393.2,7621.5
2026-04-05,5194.6,6069.9,7483.9
2026-04-06,4787.1,5977.2,7122.2
